{"cameraMode":{"drawMode":2,"name":"Shaded Wireframe","section":"Shading Mode"},"sceneLighting":false,"audioPlay":false,"sceneViewState":{"showFog":true,"showMaterialUpdate":false,"showSkybox":false,"showFlares":true,"showImageEffects":true,"showParticleSystems":true},"in2DMode":false,"pivot":{"x":0.08865785598754883,"y":-0.03375740349292755,"z":-0.649635910987854},"rotation":{"x":0.017144009470939637,"y":-0.8201963305473328,"z":0.02461330220103264,"w":0.5712969899177551},"size":2.9566714763641359,"orthographic":false}