{"cameraMode":{"drawMode":2,"name":"Shaded Wireframe","section":"Shading Mode"},"sceneLighting":true,"audioPlay":false,"sceneViewState":{"showFog":true,"showMaterialUpdate":false,"showSkybox":true,"showFlares":true,"showImageEffects":true,"showParticleSystems":true},"in2DMode":false,"pivot":{"x":408.5579833984375,"y":278.12335205078127,"z":-10.8863525390625},"rotation":{"x":0.1606331616640091,"y":0.028125839307904245,"z":-0.004579302854835987,"w":0.986602783203125},"size":673.0677490234375,"orthographic":false}